episode_id;section_index;gender;minutes;absolut_freq;freq_per_100_lemmas
20190101_mehed_ei_nuta_suur_uusaastasaade_absoluutne_tde_ehk_eelmise_spordiaasta_top25_edetabel;2;M;38.38016666666667;2;0.0005711903034734083
20190101_mehed_ei_nuta_suur_uusaastasaade_absoluutne_tde_ehk_eelmise_spordiaasta_top25_edetabel;4;M;70.77066666666666;1;0.0002855951517367041
20190102_esialgu_nimeta_podcast_ep_2;5;M;2.9161666666666664;1;0.0002855951517367041
20190102_esialgu_nimeta_podcast_ep_4;2;M;37.60733333333334;1;0.0002855951517367041
20190108_mehed_ei_nuta_aasta_suured_ksimused__kas_tnak_vidab_tiitli_kas_kirt_viskab_90_meetrit;1;M;24.004166666666663;3;0.0008567854552101123
20190109_59_saade__astroloog_taimi_uuesoo_tutvustab_meile_13_thtkuju;1;F;41.34983333333333;3;0.0010329475847963888
20190115_mehed_ei_nuta_kas_ott_tnak_peaks_olema_aeglasem_kas_lati_alt_jooksis_kullame_vi_klubi_omanik;3;M;8.922666666666665;1;0.0002855951517367041
20190115_mehed_ei_nuta_kas_ott_tnak_peaks_olema_aeglasem_kas_lati_alt_jooksis_kullame_vi_klubi_omanik;6;M;20.665000000000003;1;0.0002855951517367041
20190117_61_saade__veedatar_alexis_varnum_aitab_sul_leida_endale_ideaalse_maailma;0;F;41.64533333333333;1;0.00034431586159879626
20190204_63_saade__niad_helve_ja_liina_soovitavad_armastust_maagiaga_mitte_meelitada;0;F;36.162;2;0.0006886317231975925
20190417_73_saade__risti_nia_maagilised_vlusnumid_rasketeks_hetkedeks;0;F;2.8245;1;0.00034431586159879626
20190904_bipolaarne_vandenud_1;1;M;19.144999999999996;1;0.0002855951517367041
20190904_bipolaarne_vandenud_1;3;M;23.900166666666664;1;0.0002855951517367041
20190908_bipolaarne_armastus_2;0;M;21.2325;3;0.0008567854552101123
20191223_arcopod_s1e1_leanika_2019;0;F;45.16716666666667;1;0.00034431586159879626
20200112_kekkonenis_takeover__041_12012020;7;M;5.909833333333334;1;0.0002855951517367041
20200124_114_saade__meisterpetaja_kristiina_raie_rgib_teekonnast_peale_keha_surma;1;F;31.314666666666668;1;0.00034431586159879626
20200124_114_saade__meisterpetaja_kristiina_raie_rgib_teekonnast_peale_keha_surma;2;F;28.689000000000004;4;0.001377263446395185
20200319_kinnisvaraintervjuu_01_tnu_toompark_kinnisvarakool_o_ja_anton_nikitin_ecoadvice_o;0;M;8.516166666666667;4;0.0011423806069468165
20200326_kinnisvaraintervjuu_03_tnu_toompark_kinnisvarakool_ja_jaan_liitme_domus_fnd_o;0;M;14.496999999999998;1;0.0002855951517367041
20200424_kinnisvaraintervjuu_08_tnu_toompark_kinnisvarakool_ja_kaspar_kajuvee_estateguru_o;0;M;16.410666666666668;1;0.0002855951517367041
20200505_episood_10__estpluatatsioon_november__malev;0;M;5.723666666666667;2;0.0005711903034734083
20200505_episood_10__estpluatatsioon_november__malev;8;M;2.472999999999998;1;0.0002855951517367041
20200505_episood_10__estpluatatsioon_november__malev;15;M;7.989833333333339;1;0.0002855951517367041
20200826_riina_solman_ja_liina_kersna_roosast_kleidist_ja_riigi_vrikusest;0;F;32.030833333333334;1;0.00034431586159879626
20200827_mailis_repsi_tabab_avameelsushoog;0;F;24.511333333333333;1;0.00034431586159879626
20200920_tt_terav_teema_068_20092020;29;M;4.140166666666664;1;0.0002855951517367041
20210124_kiire_saade_086_24012021;24;M;3.221833333333332;2;0.0005711903034734083
20210131_klas_mc_olldaraba_bastadz_daraba_mob08731012021;5;M;20.441;1;0.0002855951517367041
20210220_podcast_noorteaken_4__vaimne_tervis;2;F;48.436166666666665;2;0.0006886317231975925
20210220_podcast_noorteaken_4__vaimne_tervis;4;F;37.53383333333333;7;0.002410211031191574
20210313_episood_1_eesti_laul_aftekas__covidioodid;0;M;54.761;7;0.0019991660621569286
20210404_episood_3_emoosekandid_ja_co2paraad;0;M;52.372166666666665;1;0.0002855951517367041
20210413_episood_4_kas_vanasti_oli_muusika_parem;2;M;24.133833333333335;1;0.0002855951517367041
20210416_webinar_hetkeseis_kinnisvaraturul;4;F;17.264666666666667;1;0.00034431586159879626
20210422_episood_5_elu_surm_ja_kanade_lestus;0;M;83.633;13;0.0037127369725771537
20210502_sott_kihisev__korrrralik_jubileika_100_02052021;15;M;2.897000000000003;1;0.0002855951517367041
20210519_podcast_noorteaken_10__treening_toitumine_ning_tervis;6;F;7.120999999999996;1;0.00034431586159879626
20210531_kuna_it_on_levinud_igasse_eluvaldkonda_siis_on_itekspertidele_rakendust_kikjal;0;M;28.527333333333335;1;0.0002855951517367041
20210614_14_mentorlusssteemi_loomine_organisatsioonis__stuudios_katri_jrine_ericsson_eesti_ja_tiiu_allikvee_fontes;1;F;27.909833333333335;1;0.00034431586159879626
20210614_erisaade_kommunismiohvrite_memoriaali_audiokirjeldus;1;M;1.836166666666666;1;0.0002855951517367041
20210614_podcast_noorteaken_11__noorteakna_esimene_hooaeg_on_lbi;3;F;13.800833333333332;1;0.00034431586159879626
20210824_kaja_kallas_mina_ekrega_valitsust_ei_moodusta;1;F;14.570666666666666;1;0.00034431586159879626
20210827_arco_akadeemia_podcast__prnumaa_kinnisvaraturu_levaade;0;F;10.626666666666669;1;0.00034431586159879626
20210912_jlle_see_lart_119_12092021;21;M;10.868166666666667;1;0.0002855951517367041
20210927_61_cancel_cancel_cancel;9;M;10.928999999999997;1;0.0002855951517367041
20210928_bipolaarne_muusika_8;0;M;20.077333333333335;1;0.0002855951517367041
20210928_bipolaarne_muusika_8;1;M;40.22183333333333;2;0.0005711903034734083
20211018_234_spirituaalne_petaja_andrues_vana_vline_edu_on_sinu_sisemise_kpsuse_peegeldus;4;M;9.509833333333331;3;0.0008567854552101123
20211018_234_spirituaalne_petaja_andrues_vana_vline_edu_on_sinu_sisemise_kpsuse_peegeldus;5;M;10.847333333333337;1;0.0002855951517367041
20211018_234_spirituaalne_petaja_andrues_vana_vline_edu_on_sinu_sisemise_kpsuse_peegeldus;15;M;7.389833333333324;1;0.0002855951517367041
20211221_podcast_noorteaken_14__killu_kolsar_kes_on_arengutreener;2;F;34.03616666666667;1;0.00034431586159879626
20220104_mehed_ei_nuta_kontaveidi_fnnid_liialdasid_vehklejate_rappimisega_spordiaasta_suured_ksimused;1;M;15.986666666666665;1;0.0002855951517367041
20220106_239_marius_vahter_ja_sven_kabanen_mikrobioomi_olulisusest_detoksist_ja_probiootikumidest;2;M;1.049;1;0.0002855951517367041
20220106_239_marius_vahter_ja_sven_kabanen_mikrobioomi_olulisusest_detoksist_ja_probiootikumidest;10;M;13.381833333333336;1;0.0002855951517367041
20220106_239_marius_vahter_ja_sven_kabanen_mikrobioomi_olulisusest_detoksist_ja_probiootikumidest;17;M;7.815333333333334;1;0.0002855951517367041
20220106_239_marius_vahter_ja_sven_kabanen_mikrobioomi_olulisusest_detoksist_ja_probiootikumidest;27;M;12.972166666666665;2;0.0005711903034734083
20220106_239_marius_vahter_ja_sven_kabanen_mikrobioomi_olulisusest_detoksist_ja_probiootikumidest;31;M;12.477833333333336;1;0.0002855951517367041
20220217_jrvamaa_ja_viljandimaa_kinnisvaraturu_levaade_ja_prognoos;1;F;3.164166666666666;1;0.00034431586159879626
20220217_jrvamaa_ja_viljandimaa_kinnisvaraturu_levaade_ja_prognoos;3;F;21.296;2;0.0006886317231975925
20220222_annely_soots_tervislikust_ja_tisvrtuslikust_toitumisest;0;F;26.673;1;0.00034431586159879626
20220304_prnumaa_ja_saarte_kinnisvaraturulevaade;8;F;1.7978333333333316;1;0.00034431586159879626
20220304_prnumaa_ja_saarte_kinnisvaraturulevaade;9;F;2.7665;1;0.00034431586159879626
20220306_podcast_noorteaken_16__eva_maria_hanson_eluks_valmis;2;F;27.668166666666668;1;0.00034431586159879626
20220308_sodiaagisosinad_07031303_tundekllane_ndalalpp_loob_unenolise_atmosfri;2;F;15.383333333333333;1;0.00034431586159879626
