episode_id,section_index,gender,minutes,pos,tunnus,sona,lause
20190108_mehed_ei_nuta_aasta_suured_ksimused__kas_tnak_vidab_tiitli_kas_kirt_viskab_90_meetrit,1,M,24.004166666666663,D,täitsa,tegelikult,"Et see on täitsa tegelikult , see on täitsa võimalik ."
20190108_mehed_ei_nuta_aasta_suured_ksimused__kas_tnak_vidab_tiitli_kas_kirt_viskab_90_meetrit,1,M,24.004166666666663,A,täitsa,võimalik,"Et see on täitsa tegelikult , see on täitsa võimalik ."
20190108_mehed_ei_nuta_aasta_suured_ksimused__kas_tnak_vidab_tiitli_kas_kirt_viskab_90_meetrit,1,M,24.004166666666663,A,täitsa,normaalne,"Ja , ja seda tuleks ära kasutada neid olukordi ja praegu , et see võrkpallinaiskad välja pandi ja , ja et nad võistlevad ja mängivad tüdrukud on ju kuskil kõik väljamaal täitsa normaalne punt on koos , näe , kohe finaalturniiri kandidaadid ."
20200319_kinnisvaraintervjuu_01_tnu_toompark_kinnisvarakool_o_ja_anton_nikitin_ecoadvice_o,0,M,8.516166666666667,D,täitsa,hästi,"Tänan küsimast , täitsa hästi , kuidas ise ."
20200319_kinnisvaraintervjuu_01_tnu_toompark_kinnisvarakool_o_ja_anton_nikitin_ecoadvice_o,0,M,8.516166666666667,D,täitsa,täitsa,"Aga viimase kahe kuu jooksul me saame paar ehitusluba kätte ja paar ehitusluba väljastamisel , seega nagu selleks aastaks meil olid täitsa täitsa head plaanid ."
20200319_kinnisvaraintervjuu_01_tnu_toompark_kinnisvarakool_o_ja_anton_nikitin_ecoadvice_o,0,M,8.516166666666667,A,täitsa,hea,"Aga viimase kahe kuu jooksul me saame paar ehitusluba kätte ja paar ehitusluba väljastamisel , seega nagu selleks aastaks meil olid täitsa täitsa head plaanid ."
20200319_kinnisvaraintervjuu_01_tnu_toompark_kinnisvarakool_o_ja_anton_nikitin_ecoadvice_o,0,M,8.516166666666667,V,täitsa,toimuma,Ikka kinnisvara on niisugused inimesed lahendavad oma esmase probleemid esmased vajadused ja sel põhjusel see nagu täitsa toimus .
20210413_episood_4_kas_vanasti_oli_muusika_parem,2,M,24.133833333333335,V,täitsa,pekkima,"Ja siis tõmbab niisuguse loo täitsa pekkis , nagu , kui niisugune vend tuleks mul ukse taha praegu küsis , et kuule , et ma kirjutasin sisulise loo , kas ma võiksin sul sa , et kas ma võiksin sul salvestada , ma võtaks seda tasuta salvestama puhtalt sellepärast , et see lugu on nii hea ."
20200326_kinnisvaraintervjuu_03_tnu_toompark_kinnisvarakool_ja_jaan_liitme_domus_fnd_o,0,M,14.496999999999998,D,täitsa,hästi,"See on , see on huvitav teema , et kui nüüd ma olen võib-olla omas valdkonnas täitsa hästi hakkama saanud , olen normaalset sissetulekut saanud ."
20210404_episood_3_emoosekandid_ja_co2paraad,0,M,52.372166666666665,V,täitsa,pekkima,No täitsa pekkis .
20190115_mehed_ei_nuta_kas_ott_tnak_peaks_olema_aeglasem_kas_lati_alt_jooksis_kullame_vi_klubi_omanik,3,M,8.922666666666665,D,täitsa,täitsa,"No teine oli ikkagi , kui sa vaatad seda nii-öelda palli liikumist seal ja sööte ja , ja ütleme , meisterlikkust , mida see löök üsna terava nurga alt veel nõudis , oli ikka täitsa täitsa , oh ."
20190115_mehed_ei_nuta_kas_ott_tnak_peaks_olema_aeglasem_kas_lati_alt_jooksis_kullame_vi_klubi_omanik,6,M,20.665000000000003,V,täitsa,tunduma,Aastavahetuse kuidagi on täitsa tundub tegelikult selline üsna nagu mõttetu tähtpäev ausalt öeldes .
20190904_bipolaarne_vandenud_1,1,M,19.144999999999996,A,täitsa,võimalik,"Minu esimene kokkupuude selliste asjadega oligi ka läbi ulme filmi ja täitsa võimalik , et ma läbi sinu sain selle , Silver , ma võisin anda sulle Ja tol hetkel oli küll , et , et et ."
20190904_bipolaarne_vandenud_1,3,M,23.900166666666664,A,täitsa,soodus,"Aga ta ei teinud ju midagi , täitsa soodus kätt siis kõik , kui ma arvan , et jätkub samamoodi väga , väga muutu isiksusega inimene nagu kim , on Kun , et võib-olla see on algus , on ."
20210502_sott_kihisev__korrrralik_jubileika_100_02052021,15,M,2.897000000000003,D,täitsa,täitsa,"Ja väike sees saata väikse , see tähistas kuskil saunas seal , kurat , ma lähen , et selle hooaeg sai neid plommitud seal ja sai , käisime seal , aga pane see lugu ja siis koos seal meenutas Ta nagu selle loo saatel neid koerustükke , noh teinekord täitsa täitsa niisugune ."
20210614_erisaade_kommunismiohvrite_memoriaali_audiokirjeldus,1,M,1.836166666666666,V,täitsa,tundma,"Istume praegu laua taga , aga ma täitsa tunnen , nagu ma oleksin seal memoriaalis läbi käinud ."
20210422_episood_5_elu_surm_ja_kanade_lestus,0,M,83.633,A,täitsa,huvitav,Täitsa huvitav .
20210422_episood_5_elu_surm_ja_kanade_lestus,0,M,83.633,A,täitsa,muusikakauge,"Mul oli päris mitmed õpetajad olid Elleri nimelisest muusikakoolist , et kui näiteks ütleme , kui oled , ütleme täitsa muusikakauge inimene ja jaanipäevaks tahad mingi Smilersi laulu selgeks õppida , siis tuled , maksad natuke raha ja saad seda ."
20210422_episood_5_elu_surm_ja_kanade_lestus,0,M,83.633,A,täitsa,huvitav,"Et on , on natuke natuke tehtud ja , ja , ja neid raadioklippe teen igapäevaselt ja ma ei kujutagi ette , et kui kuidas , kuidas elada , kui teeks ainult ühte asja , et see on täiesti nagu täitsa huvitav mõte minu jaoks , et , et peab olema hunt , kriimsilm , siis on endal ka elu kirev ja , ja , ja silmaring palju laiem ."
20210422_episood_5_elu_surm_ja_kanade_lestus,0,M,83.633,V,täitsa,tundma,"Arva ära , et ega väga väga ei lähe , et me oleme , samas oleme nagu sellises , ütleme ootusrežiimis olnud juba päris pikka aega ja samas samas on ka nagu masendust on natuke siis on , siis on lootusekiiri vahepeal tulnud ja siis on hästi hästi suur viha on ka riigi vastu , et neid tundeid on nagu täitsa nagu niisugune täitsa tunnete , karussell on , et ei oska nagu enam midagi arvata , et aasta tagasi oli küll , et kui see esimene , ütleme see lokdown või asi tuli , et siis oli selline mõte , et noh , noh , kuskil keegi küsis nagu intervjuud ka siis ma ütlesin , et , et oh , mis seal mis seal on , et kannatame ära , et oleme natuke kinni ja kõik on lahe , saame terveks ja paneme pidudega edasi ."
20210422_episood_5_elu_surm_ja_kanade_lestus,0,M,83.633,D,täitsa,täitsa,Täitsa täitsa pull aeg .
20210422_episood_5_elu_surm_ja_kanade_lestus,0,M,83.633,D,täitsa,täitsa,"Et see on , see on täitsa täitsa müstiline ja täitsa täitsa ulme , et ma proovin ka nagu väga nagu sellest teemast nagu kõrvale alati minna , kui kellegi tuttavaga läheb jälle mingiks teemaks noh , nagu jutuks nagu ütleme maski ja maski ja selle selle poole pealt , et , et nagu see hävitab , see hävitab majanduslikult natukene kogu see kriis ja kogu see , ütleme see kriisi juhtimine aga rohkem ta hävitab ikkagi inimeste ."
20210422_episood_5_elu_surm_ja_kanade_lestus,0,M,83.633,A,täitsa,müstiline,"Et see on , see on täitsa täitsa müstiline ja täitsa täitsa ulme , et ma proovin ka nagu väga nagu sellest teemast nagu kõrvale alati minna , kui kellegi tuttavaga läheb jälle mingiks teemaks noh , nagu jutuks nagu ütleme maski ja maski ja selle selle poole pealt , et , et nagu see hävitab , see hävitab majanduslikult natukene kogu see kriis ja kogu see , ütleme see kriisi juhtimine aga rohkem ta hävitab ikkagi inimeste ."
20210422_episood_5_elu_surm_ja_kanade_lestus,0,M,83.633,D,täitsa,täitsa,"Et see on , see on täitsa täitsa müstiline ja täitsa täitsa ulme , et ma proovin ka nagu väga nagu sellest teemast nagu kõrvale alati minna , kui kellegi tuttavaga läheb jälle mingiks teemaks noh , nagu jutuks nagu ütleme maski ja maski ja selle selle poole pealt , et , et nagu see hävitab , see hävitab majanduslikult natukene kogu see kriis ja kogu see , ütleme see kriisi juhtimine aga rohkem ta hävitab ikkagi inimeste ."
20210422_episood_5_elu_surm_ja_kanade_lestus,0,M,83.633,D,täitsa,ära,"No eks seda ei tea ka , eks see on niisugune katsetamise küsimus muidugi , aga aga see oli huvitav vaadata , et nagu püüti , püüti ja tõmmati , tõmmati ja lõpuks see kukkus nagu täitsa ära lihtsalt ."
20210422_episood_5_elu_surm_ja_kanade_lestus,0,M,83.633,D,täitsa,täitsa,"Food ja telli , tellid koju nagu tellida ükskõik kust Hesburgeris midagi samamoodi tellid siksikist , et et täitsa täitsa pull ja , ja huvitav ja sellega ma lihtsalt ."
20210422_episood_5_elu_surm_ja_kanade_lestus,0,M,83.633,D,täitsa,täitsa,"Hispaanias seal on üks eestlaste linnaosa , et , et arvatavasti sinna ka Hakkame juunikuus vaikselt ehitama ja sättima , et täitsa täitsa suured plaanid sellisest väiksest nagu asjast ja ja naljakas ongi , et see idee tuli ja täpselt siis kui , kui oli see kõige siuke mustem ja selline asi ."
20210422_episood_5_elu_surm_ja_kanade_lestus,0,M,83.633,A,täitsa,suur,"Hispaanias seal on üks eestlaste linnaosa , et , et arvatavasti sinna ka Hakkame juunikuus vaikselt ehitama ja sättima , et täitsa täitsa suured plaanid sellisest väiksest nagu asjast ja ja naljakas ongi , et see idee tuli ja täpselt siis kui , kui oli see kõige siuke mustem ja selline asi ."
20210422_episood_5_elu_surm_ja_kanade_lestus,0,M,83.633,D,täitsa,täitsa,"Aga noh , nii kui see idee pähe tuli ja ma hakkasin mõtlema ja kogu seda asja , kuhu see asi jõuda võiks , ma räägin , ma reaalselt vist kaks päeva ei maganud , ma olin nagu , kujutad ette , see on nagu tõesti nagu mingi ütleme , mingi mingi muusikapalagagi , et sa teed valmis , sa oled nii sillas sellest , sul on nagu nii , adrenaliin on nagu laes ja hilge küte ja nagu hästi-hästi pull ja see annab , see annab juurde ja , ja , ja see ikka , see on , see on hästi-hästi mõnus tunne , kui , kui teed ja sa saad veel , sa saad veel nagu inimeste nagu heakskiidu ka selle selle kohta , et neile nagu meeldib täitsa täitsa pull ."
20200505_episood_10__estpluatatsioon_november__malev,0,M,5.723666666666667,A,täitsa,huvitav,"Ja täitsa huvitav oli avastada , et meie teine film , mis meil tuleb , on täitsa vana ."
20200505_episood_10__estpluatatsioon_november__malev,0,M,5.723666666666667,A,täitsa,vana,"Ja täitsa huvitav oli avastada , et meie teine film , mis meil tuleb , on täitsa vana ."
20200505_episood_10__estpluatatsioon_november__malev,8,M,2.472999999999998,A,täitsa,suvaline,"Nagu ma õigesti mäletan , siis november oli osa mingist sellisest eksperimendist , kus nad võtsid täitsa suvalisi inimesi näitlema , onju ."
20200505_episood_10__estpluatatsioon_november__malev,15,M,7.989833333333339,V,täitsa,tunduma,"Et kuidas see võis ära rikkuda ka need momendid , mis pidid tunduma humoorikad , mis minu jaoks täitsa tundusid humoorikad ."
20220104_mehed_ei_nuta_kontaveidi_fnnid_liialdasid_vehklejate_rappimisega_spordiaasta_suured_ksimused,1,M,15.986666666666665,A,täitsa,kohutav,"Täitsa kohutav , see oli lennujaam , piri ."
20190101_mehed_ei_nuta_suur_uusaastasaade_absoluutne_tde_ehk_eelmise_spordiaasta_top25_edetabel,2,M,38.38016666666667,A,täitsa,kõva,"No ma ütlen siis nii palju , et Vello Vaher on ka tegelikult täitsa kõva vana ."
20190101_mehed_ei_nuta_suur_uusaastasaade_absoluutne_tde_ehk_eelmise_spordiaasta_top25_edetabel,2,M,38.38016666666667,A,täitsa,hullumeelne,"Ja kusjuures teil ei ole ju seda õnne olnud käia seda renni vaatamas , mis on see päris renn või siis seda pargisõidurada , mul on õnnestunud Aspeni mängudel ära käia ja see on ikka hull , see on täitsa hullumeelne , kuskohast nad hüppavad ja kõik see renn , seal on ju jää ja see tugevad ääred ja kõik ja siis nad hüppavad kaks-kolm meetrit üle selle , siis on alla veel läheb mingisugune kuus kuni kaheksa meetrit läheb alla ."
20190101_mehed_ei_nuta_suur_uusaastasaade_absoluutne_tde_ehk_eelmise_spordiaasta_top25_edetabel,4,M,70.77066666666666,A,täitsa,mõttetu,"See on täitsa mõttetu , kas sa ei teegi suu ?"
20210131_klas_mc_olldaraba_bastadz_daraba_mob08731012021,5,M,20.441,A,täitsa,relevaatne,Mõlemad on täitsa relevaatsed .
20200920_tt_terav_teema_068_20092020,29,M,4.140166666666664,V,täitsa,saama,"Las elu viskab väikse , võtsid sisse , lähen ikkagi 100-ga kurvi ja mul täitsa sai piisk , mis seal kurvi taga toimub ."
20210531_kuna_it_on_levinud_igasse_eluvaldkonda_siis_on_itekspertidele_rakendust_kikjal,0,M,28.527333333333335,D,täitsa,lausa,"Aga üha populaarsemaks on muutumas need kavad , kus inimesed , kes on enda kolmekümnendates , neljakümnendates , tulevad ennast uuesti harima ja meil on mitu õppekava magistriõppes , kus me ootamegi siis inimesi , kes seal on täitsa lausa tippspetsialisti tasandil või tippjuhi tasandil ."
20210912_jlle_see_lart_119_12092021,21,M,10.868166666666667,A,täitsa,hea,"Teinekord on täitsa hea , kui vähe halvemad lood on lühikesed ."
20210927_61_cancel_cancel_cancel,9,M,10.928999999999997,A,täitsa,kaasaegne,"Nad üritavad ka teha , see isegi näeb täitsa kaasaegne välja niisugust kaasaegset , normaalset laptopi , kus ka kõik on lahti kruvitav ja asendatav ja Up grade tav , et ."
20190102_esialgu_nimeta_podcast_ep_4,2,M,37.60733333333334,A,täitsa,uus,"Siis sa ei pea ootama nädal aega selleks ja vajutad nuppu kohe järgmise juurde , aga see on , see on geniaalselt tehtud , nad on mingid väga targad inimesed , on tegelikult selle taga , kes alati väga need , kes stsenaariumi kirjutavad , nad alati panevad nagu lõpu lõpupoole panevad mingi uue asja täitsa uue asja ja siis siis see inimene , kes vaatab , on nagu see , see on läbi , aga ."
20211018_234_spirituaalne_petaja_andrues_vana_vline_edu_on_sinu_sisemise_kpsuse_peegeldus,4,M,9.509833333333331,D,täitsa,niimoodi,"Ma mäletan , kui ma olin suht maailmameister paanikahoogudes enne seda ärkamist ja asja täitsa niimoodi , et tänaval kukkusin kokku nagu kõik kogu maailma , ma kartsin ja muretsesin ja proovisin ära teenida ja ja mina olin nagu kõige viimane asi , millele ma üldse tähelepanu pöörasin ja ma istusin üsna selline minu perspektiivis nagu täitsa täitsa kole päev oli ."
20211018_234_spirituaalne_petaja_andrues_vana_vline_edu_on_sinu_sisemise_kpsuse_peegeldus,4,M,9.509833333333331,D,täitsa,täitsa,"Ma mäletan , kui ma olin suht maailmameister paanikahoogudes enne seda ärkamist ja asja täitsa niimoodi , et tänaval kukkusin kokku nagu kõik kogu maailma , ma kartsin ja muretsesin ja proovisin ära teenida ja ja mina olin nagu kõige viimane asi , millele ma üldse tähelepanu pöörasin ja ma istusin üsna selline minu perspektiivis nagu täitsa täitsa kole päev oli ."
20211018_234_spirituaalne_petaja_andrues_vana_vline_edu_on_sinu_sisemise_kpsuse_peegeldus,4,M,9.509833333333331,A,täitsa,kole,"Ma mäletan , kui ma olin suht maailmameister paanikahoogudes enne seda ärkamist ja asja täitsa niimoodi , et tänaval kukkusin kokku nagu kõik kogu maailma , ma kartsin ja muretsesin ja proovisin ära teenida ja ja mina olin nagu kõige viimane asi , millele ma üldse tähelepanu pöörasin ja ma istusin üsna selline minu perspektiivis nagu täitsa täitsa kole päev oli ."
20211018_234_spirituaalne_petaja_andrues_vana_vline_edu_on_sinu_sisemise_kpsuse_peegeldus,5,M,10.847333333333337,D,täitsa,täitsa,"Ehk et niimoodi ma arvan , et mul oli täitsa täitsa nagu lõbus oli tegelikult seal poe vahet käia , ega ta nüüd mingi nagu füüsiliselt ära ei tapnud ju ja , ja , ja , ja näed , lõpuks oli see auto ka kodus on ju ."
20211018_234_spirituaalne_petaja_andrues_vana_vline_edu_on_sinu_sisemise_kpsuse_peegeldus,15,M,7.389833333333324,D,täitsa,ju,"Oot-oot , mul on ju kõrgem mina , ma olen ju äge äge mees ja ma täitsa ju saan rääkida asjadest , onju ."
20220106_239_marius_vahter_ja_sven_kabanen_mikrobioomi_olulisusest_detoksist_ja_probiootikumidest,2,M,1.049,V,täitsa,olema,"Aga mingi hetk , mingi hetk tuleb siia ja siis ma näen ka , et me oleme täitsa olemas ."
20220106_239_marius_vahter_ja_sven_kabanen_mikrobioomi_olulisusest_detoksist_ja_probiootikumidest,10,M,13.381833333333336,A,täitsa,juhuslik,"Ma nüüd vastan , et ja minu minu teekond SenKlensiin oli tegelikult täitsa juhuslik ."
20220106_239_marius_vahter_ja_sven_kabanen_mikrobioomi_olulisusest_detoksist_ja_probiootikumidest,17,M,7.815333333333334,D,täitsa,üle,"Noh , miks mul neid bakterid üldse vaja on , kas üldse saab eksisteerida hetke , kus ma väljutan või likvideerin kõik bakterid ja tapan kõik bakterid või või , või võtad hala pakteri täitsa üle siis ?"
20220106_239_marius_vahter_ja_sven_kabanen_mikrobioomi_olulisusest_detoksist_ja_probiootikumidest,27,M,12.972166666666665,A,täitsa,vahva,"Ta on täitsa vahva diil teile tehtud sinna , nii et jaanuari lõpuni võimalus endale võtta see või siis tervele perele , kui on soovi ja , ja vaadata , mis endaga kaasa toob , et aga ma tahaks korra puur seda poolt ka veel juurde , et ."
20220106_239_marius_vahter_ja_sven_kabanen_mikrobioomi_olulisusest_detoksist_ja_probiootikumidest,27,M,12.972166666666665,A,täitsa,täis,"Naine sööb midagi mullika , no siis ma üldiselt ikkagi murdun , aga pärast puhastuse on väga lihtne teha see puhastus , päev on ka , et kõht on füüsiliselt täitsa täis ."
20220106_239_marius_vahter_ja_sven_kabanen_mikrobioomi_olulisusest_detoksist_ja_probiootikumidest,31,M,12.477833333333336,A,täitsa,reaalne,"No no mina , mina nagu mina , nagu ütleks selle Ja see on , võib olla täitsa reaalne hirm , jah , aga , aga nagu me ise ka pidevalt seda ütlema , et , et see puhastus on nii kaua vajalik , kui sa ei vii oma elu tasakaalu , kui sul elu on tasakaalus , siis kõik organid suudavad ise ."
20210124_kiire_saade_086_24012021,24,M,3.221833333333332,D,täitsa,täitsa,Täitsa täitsa on olemas siuke värk nagu .
20210124_kiire_saade_086_24012021,24,M,3.221833333333332,V,täitsa,olema,Täitsa täitsa on olemas siuke värk nagu .
20210928_bipolaarne_muusika_8,0,M,20.077333333333335,V,täitsa,olenema,"Ma ütlen , stabiilne kasv on hea , see nagu kindel siis järelikult teinekord ja piki nagu see täitsa oleneb sellest nagu episoodist , kuidas me ise cerine tuleme , aga no me lähme ajas ise paremaks ja siis tekib nagu rohkem kuulajaid ka ."
20210928_bipolaarne_muusika_8,1,M,40.22183333333333,D,täitsa,vist,"Et nad äkki said kuidagi mind kokkulepetele , aga , aga täitsa vist kohtusse da jõudnud ."
20210928_bipolaarne_muusika_8,1,M,40.22183333333333,V,täitsa,imestama,"Pärnu vist tehti neid , mina ei tea ante aga kusjuures , mis täitsa imestan , mini , ma ei tea , kas enam töötab , aga klaas sinepi äkki või ?"
20200424_kinnisvaraintervjuu_08_tnu_toompark_kinnisvarakool_ja_kaspar_kajuvee_estateguru_o,0,M,16.410666666666668,A,täitsa,hea,"Tore mul , mul on ka täitsa hea ja ei ole mulgi ebameeldivat köha ega maitsetunde puudumist ."
20200112_kekkonenis_takeover__041_12012020,7,M,5.909833333333334,D,täitsa,ära,"Kusjuures selle looga oli niimoodi , et ma olin selle täitsa ära unustanud ja siis , kui ma saateks ette valmistasin , sattusin puhtjuhuslikult selle loo peale ja ja no siin ei ole kahtlustki saatesse sisse na ."
20190102_esialgu_nimeta_podcast_ep_2,5,M,2.9161666666666664,A,täitsa,olematu,"Juutluse poolt siis midagi , no ma päris päriselt ju pole jõudnud , sest minu ema ema on Seal mingi 10 protsenti jutt , et see on täitsa olematu ."
20190908_bipolaarne_armastus_2,0,M,21.2325,V,täitsa,olema,Nagu pro infact Ja täitsa on neil juhtunud seda .
20190908_bipolaarne_armastus_2,0,M,21.2325,V,täitsa,võima,"Aga ja ei , see võib täitsa võib täitsa olla , niimoodi saad kokku ."
20190908_bipolaarne_armastus_2,0,M,21.2325,V,täitsa,olema,"Aga ja ei , see võib täitsa võib täitsa olla , niimoodi saad kokku ."
20210313_episood_1_eesti_laul_aftekas__covidioodid,0,M,54.761,A,täitsa,väljaõppinud,"Et sina , ma saan aru , oled täitsa väljaõppinud , aga ei tööta , minu minul on siis nagu vastupidi , et ma kuidagi selline huvitav saatest käik ."
20210313_episood_1_eesti_laul_aftekas__covidioodid,0,M,54.761,V,täitsa,istuma,"No ütleme nii , et kuna see lukuka veetsime ka eid seal stuudios koos , siis selles suhtes on mul nagu hea meel , et ma ei saanud midagi öelda , aga mul oli veits nagu kahetsed tunded , et võibolla oleks võinud saada näiteks mõni muu , aga noh , see on niisugune õige vana küsimus ja selle peale me spekuleerime ilmselt aastaid , et mis oleks dünaamiliselt ja vokaalselt ja loo ülesehitus poolelt ja lavasoo poolest nagu parem , aga minu arust on tegelikult väga hea , et Uku sai lõpuks ja mulle iseenesest lõpuks see lugu nagu hakkas täitsa istuma ."
20210313_episood_1_eesti_laul_aftekas__covidioodid,0,M,54.761,D,täitsa,siiralt,"Noh , minu isiklik eelistus oleks olnud midagi muud , mina ise hoidsin pöialt suurtele tüdrukutele ja põhjus selleks Ma ei tea , mulle lihtsalt meeldis see vaip , kui ma täitsa siiralt ausalt ütlen , siis mina ei näinud sel aastal mitte ühtegi lugu ."
20210313_episood_1_eesti_laul_aftekas__covidioodid,0,M,54.761,D,täitsa,nii,"Sa nägid neid ennustuskontorite panuseid ka või vaata , mingi hetk tuli välja see artikkel , et Eurovisiooni erinevad ennustuskontori siis , kuhu ta paigutas mäleta kuskil lõppu või siis ka nagu täitsa nii taha , et isegi need riigid , kes pole oma numbrid välja andnud , et isegi nagu nende taha paigutati Ukulugu sellest ."
20210313_episood_1_eesti_laul_aftekas__covidioodid,0,M,54.761,V,täitsa,ei,"Suhtelt hea küsimus tegelikult noh , sest niisugune ütleme , kogu see kamp , kes seal on , on tegelikult niisugused nagu põhilised suunamõisad Eestis on ju , et sul on tegelikult see jälgijaskond on niisugune suht ilmselt väga noor muidugi ka spekulatsiooni , aga ilmselt on pigem nooremad niisugune mingi , kuni ma ei tea , kuni 18 umbes kindlasti no see on ka võib-olla olla palju öeldud , aga noh , sa tegelikult ikkagi näitab seda nagu väljaku , et suvaline , me pidutseme , on ju , mind vist kõige rohkem häiris selle juures need vabandused , et , et , et noh , me läksime nagu oma sõpradega seal ja nüüd niisugune nagu tegelikult ei ütle nagu midagi , et ma saan aru , et sa vabandasid , aga sa kokkuvõttes tegelikult ei ütle mitte midagi selle vabadusega , et noh , siis põhimõtteliselt ikkagi tegelikult natuke süüdimatut sõpradega läksin ja noh , sorry noh , see tegelikult ei ole nagu ei no ma täitsa ei ole nagu midagi , ma täitsa usun , et kui sa ikka lähed niisuguse seltskonnaga , noh , kama on nagu ütled , käitusid valesti ."
20210313_episood_1_eesti_laul_aftekas__covidioodid,0,M,54.761,V,täitsa,uskuma,"Suhtelt hea küsimus tegelikult noh , sest niisugune ütleme , kogu see kamp , kes seal on , on tegelikult niisugused nagu põhilised suunamõisad Eestis on ju , et sul on tegelikult see jälgijaskond on niisugune suht ilmselt väga noor muidugi ka spekulatsiooni , aga ilmselt on pigem nooremad niisugune mingi , kuni ma ei tea , kuni 18 umbes kindlasti no see on ka võib-olla olla palju öeldud , aga noh , sa tegelikult ikkagi näitab seda nagu väljaku , et suvaline , me pidutseme , on ju , mind vist kõige rohkem häiris selle juures need vabandused , et , et , et noh , me läksime nagu oma sõpradega seal ja nüüd niisugune nagu tegelikult ei ütle nagu midagi , et ma saan aru , et sa vabandasid , aga sa kokkuvõttes tegelikult ei ütle mitte midagi selle vabadusega , et noh , siis põhimõtteliselt ikkagi tegelikult natuke süüdimatut sõpradega läksin ja noh , sorry noh , see tegelikult ei ole nagu ei no ma täitsa ei ole nagu midagi , ma täitsa usun , et kui sa ikka lähed niisuguse seltskonnaga , noh , kama on nagu ütled , käitusid valesti ."
20210313_episood_1_eesti_laul_aftekas__covidioodid,0,M,54.761,V,täitsa,nägema,"Ja ma isegi tead , ma täitsa nägin seda postitust , mul ei ole see nagu nüüd sõnas , alt meeles , aga aga jah , ma nägin seda postitust ennast , s ."
20210614_podcast_noorteaken_11__noorteakna_esimene_hooaeg_on_lbi,3,F,13.800833333333332,A,täitsa,lõpp,"Nii nagu siis selle inimesena , kes ma olen kaamera ees kui ka selle inimesena , kes ma olen kaamera nagu väljaspool ja mul on väga äge olnud seda teekonda nagu vaadata kõrvalt ja , ja iga kord , kui ma neid episoode ka vaatan , siis ma mõtlen ka , et täitsa lõpp , et see on tegelikult nii äge , et need inimesed , kes minu ümber on , kellega ma seda koos teha saan , mul on nagu nii nii vedanud ."
20200124_114_saade__meisterpetaja_kristiina_raie_rgib_teekonnast_peale_keha_surma,1,F,31.314666666666668,D,täitsa,reaalselt,"Ja professor koti all et ja , ja meistritasand tuli küll natuke nii ulmeliselt vaimsel tasandil anti see , aga see anti päriselt , et noh , täitsa reaalselt jah , see on hästi suur vastutus ."
20200124_114_saade__meisterpetaja_kristiina_raie_rgib_teekonnast_peale_keha_surma,2,F,28.689000000000004,D,täitsa,rahulikult,"Euroopas olukord muutub , aga õnneks mitte nii kiiresti , et peaks kohe oma asju pakkima hakkama siin , et me saame siin täitsa rahulikult elada ."
20200124_114_saade__meisterpetaja_kristiina_raie_rgib_teekonnast_peale_keha_surma,2,F,28.689000000000004,D,täitsa,ausalt,"Ja kas põhimõtteliselt me jõuame sinna välja , aga alguses on täitsa ausalt öeldes 150 200 aastat inimese psüühika peab harjuma sellega ."
20200124_114_saade__meisterpetaja_kristiina_raie_rgib_teekonnast_peale_keha_surma,2,F,28.689000000000004,D,täitsa,ka,"Ja huvitav on see , et tänapäeva maailmas tegelikult me mõistame seda täitsa ka loogiliselt , enam ei ole nii suurt vahet , kas ta sünnib poisi või tüdrukuna , sest noh , võimalused on juba juba sellist võrdsed ."
20200124_114_saade__meisterpetaja_kristiina_raie_rgib_teekonnast_peale_keha_surma,2,F,28.689000000000004,D,täitsa,otsas,"Mul on eluisu täitsa otsas , nii , ja siis nüüd tuleb reis , oh , et mul ikka reisil kõik hästi läheks , et keha oleks terve , aga domineerib see , et kõigest on juba ükskõik , on see vahe , vot see vahe , et kõigepealt see bassiksee baas häälestus , mina , mina siis häälestangi , kui ma tunnen , et kuidagi kuidagi midagi nagu võbeleb ja ma ise ei ole nagu väga kindel endas , et siis ma nagu võtan selle otsese vastu pekki ."
20220304_prnumaa_ja_saarte_kinnisvaraturulevaade,8,F,1.7978333333333316,A,täitsa,võimalik,Riskide maandamine on täitsa võimalik .
20220304_prnumaa_ja_saarte_kinnisvaraturulevaade,9,F,2.7665,D,täitsa,selgelt,Pärnu Pärnu valgelinnastumine on täitsa selgelt näha .
20220222_annely_soots_tervislikust_ja_tisvrtuslikust_toitumisest,0,F,26.673,A,täitsa,ilus,"Kui praegu alustada tervislikuma toitumisega kehakaalu alandamise eesmärgil , siis suveks saab juba täitsa ilusaks ."
20210824_kaja_kallas_mina_ekrega_valitsust_ei_moodusta,1,F,14.570666666666666,D,täitsa,ilma,"Ja selle üks põhjus võib olla see , et kiigel ei ole riigikogu kohta ja tal on üksjagu laenusid , mis tähendab , et ta jääks ju täitsa ilma peale ."
20190109_59_saade__astroloog_taimi_uuesoo_tutvustab_meile_13_thtkuju,1,F,41.34983333333333,V,täitsa,kasutama,"Aga ikkagi ja nii , ja tahtsin öelda just seda , et sinu puhul , kui sa seal räägid mingist 10-st minutist , no siis saab seda täiesti kasutada ka tavapäraselt vähemalt saab täitsa kasutada ka selliselt , et see , see ei muuda nüüd küll nii palju midagi , et nüüd täiesti puusse läheks ."
20190109_59_saade__astroloog_taimi_uuesoo_tutvustab_meile_13_thtkuju,1,F,41.34983333333333,D,täitsa,hästi,"Ja neiukene ütleb niimoodi , aga noh , jah , ma suhtun täitsa hästi , et mul on juba kaheksas kuu ."
20190109_59_saade__astroloog_taimi_uuesoo_tutvustab_meile_13_thtkuju,1,F,41.34983333333333,A,täitsa,uskumatu,"Nüüd edasi , eks ole , et kuidas alguses sai läbi töötatud oma sünnikaardi aspekte , see oli täitsa uskumatu , üks mingisugune konkreetne aspekt , millega tulevad inimesed järjest ja järjest ja järjest ja , ja siis no lõpuks on juba niimoodi , et niisugune tunne , et no kas ma nüüd tõesti räägin üht ja sama juttu inimestele või , eks ole , et nagu aga samas see on nende jaoks õige jutt , eks ole ."
20210614_14_mentorlusssteemi_loomine_organisatsioonis__stuudios_katri_jrine_ericsson_eesti_ja_tiiu_allikvee_fontes,1,F,27.909833333333335,D,täitsa,vabalt,"Täitsa vabalt võin kolmanda korra öelda , et ikkagi tippjuhtkond on paadis , koordinaator on olemas , kokku on lepitud üldised põhimõtted ."
20190117_61_saade__veedatar_alexis_varnum_aitab_sul_leida_endale_ideaalse_maailma,0,F,41.64533333333333,A,täitsa,võimatu,Et see oleks täitsa võimatu .
20210827_arco_akadeemia_podcast__prnumaa_kinnisvaraturu_levaade,0,F,10.626666666666669,D,täitsa,ametlikult,"Suvi on põhimõtteliselt läbi ja noh , Pärnu on ikkagi täitsa ametlikult suvepealinn ."
20210519_podcast_noorteaken_10__treening_toitumine_ning_tervis,6,F,7.120999999999996,A,täitsa,jääkülm,"Nüüd , kui on tegelikult väga soojad ilmad ja on väga hea võimalus proovida ära ujumine , sest kui sa võib-olla talvel ei julge minna nagu täitsa jääkülma vette , siis praegu ei ole ka vesi nagu ju kõige-kõige soojem ."
20190204_63_saade__niad_helve_ja_liina_soovitavad_armastust_maagiaga_mitte_meelitada,0,F,36.162,A,täitsa,äge,"Ta ei teadnud ju , mis seal nagu põhjas on , ta seal kuskil peidus on , kusjuures vaata , on ju , kui ma ei tea , minul on küll kogemusi , et , et mõni mees vaatab No võib olla tänapäeval , mul on juba mingid teised tunda ka , aga kunagi ammu , et vaatad , et oh , täitsa äge mees , siis kui tuttavaks saad , siis sa saad aru , et sul ei ole temaga mitte midagi ühistada , tegelikult sa ei taha teda üldse , mõnel inimesel ongi ."
20190204_63_saade__niad_helve_ja_liina_soovitavad_armastust_maagiaga_mitte_meelitada,0,F,36.162,A,täitsa,puhas,"Et käed on täitsa puhtad , aga kogu nii-öelda maksmine läheb siis nüüd kuskile kellelegi teisele ."
20220308_sodiaagisosinad_07031303_tundekllane_ndalalpp_loob_unenolise_atmosfri,2,F,15.383333333333333,A,täitsa,aktiivne,"Kupido minul hetkel on täitsa aktiivne , sellepärast et mul on ta 14 kraadi kalades ."
20210220_podcast_noorteaken_4__vaimne_tervis,2,F,48.436166666666665,D,täitsa,täitsa,"Vaikselt mudivad selles suunas , aga tead , tegelikult on täitsa täitsa okei , et neid muresid on ja nii nagu mis iganes , füüsilise tervise mured ."
20210220_podcast_noorteaken_4__vaimne_tervis,2,F,48.436166666666665,A,täitsa,tavaline,"Et meie klassis on näiteks selline õpilane , kui sa oled selle inimesega kokku puutun , näed , et on täitsa tavaline ."
20210220_podcast_noorteaken_4__vaimne_tervis,4,F,37.53383333333333,V,täitsa,tegema,"Ehk et kui midagi jääb nagu , nagu et noh , täitsa tegemata , kui on midagi , mis sind nagu pidevalt mõtetes mõtetes häirib , kui näiteks meeleolu madalam juba no ütleme paar nädalat ."
20210220_podcast_noorteaken_4__vaimne_tervis,4,F,37.53383333333333,A,täitsa,must,"Ja nemad niimoodi katsuvad ka , et anda sulle esmaseid soovitusi või siis juhatada ja juhendada , et kui oleks vaja pöörduda spetsialisti poole ja teisalt on lahenduspunkt nett , kus kirjadele vastavad Juhendatud psühholoogia , psühholoogiatudengid ja nemad siis teevad sellist nagu kirja teel nõustamist ka natukene pikema pikema perioodi jooksul , et võib-olla see on väike erinevus , et kui sa peaasjadele kirjutad , versus kui sa lahendus mitte kirjutad ja kui asi on ikka täitsa must , siis meil on hea kakleinikuid ."
20210220_podcast_noorteaken_4__vaimne_tervis,4,F,37.53383333333333,A,täitsa,võimalik,"Ja , ja see iseeneses on väärtuslik Et et , et täitsa võimalik , et ka esimese kolme korra peale , kui sa küsid , et ka kuidas sul päriselt ikkagi läheb ."
20210220_podcast_noorteaken_4__vaimne_tervis,4,F,37.53383333333333,V,täitsa,hoolima,"Korduvalt küsime kindlasti ja see tekitab usaldust ja sellist inimesest tunnet , et tegelikult ta täitsa hoolib ja kui sa nagu väga kerge on öelda , et ja kõik on tore , liigume edasi selle küsimuse tagasi ei tule ."
20210220_podcast_noorteaken_4__vaimne_tervis,4,F,37.53383333333333,D,täitsa,täitsa,"No nii , ma arvan , et me peamegi hakkama nüüd otsi vaikselt kokku tõmbama enne veel , kui ma nüüd täitsa täitsa täitsa ära lõpetan selle episoodi sees paar asja , mis siit meelde jätta , kindlasti see , et , et pöördu sellel hetkel , kui sa juba tunned , et natukene ongi , et leida see õige viis kuidas edasi toimida ja samuti see hügieeni , et ikkagi hoolitseda enda eest ja et vaimne tervis on tegelikult sama oluline kui füüsiline ."
20210220_podcast_noorteaken_4__vaimne_tervis,4,F,37.53383333333333,D,täitsa,täitsa,"No nii , ma arvan , et me peamegi hakkama nüüd otsi vaikselt kokku tõmbama enne veel , kui ma nüüd täitsa täitsa täitsa ära lõpetan selle episoodi sees paar asja , mis siit meelde jätta , kindlasti see , et , et pöördu sellel hetkel , kui sa juba tunned , et natukene ongi , et leida see õige viis kuidas edasi toimida ja samuti see hügieeni , et ikkagi hoolitseda enda eest ja et vaimne tervis on tegelikult sama oluline kui füüsiline ."
20210220_podcast_noorteaken_4__vaimne_tervis,4,F,37.53383333333333,D,täitsa,ära,"No nii , ma arvan , et me peamegi hakkama nüüd otsi vaikselt kokku tõmbama enne veel , kui ma nüüd täitsa täitsa täitsa ära lõpetan selle episoodi sees paar asja , mis siit meelde jätta , kindlasti see , et , et pöördu sellel hetkel , kui sa juba tunned , et natukene ongi , et leida see õige viis kuidas edasi toimida ja samuti see hügieeni , et ikkagi hoolitseda enda eest ja et vaimne tervis on tegelikult sama oluline kui füüsiline ."
20190417_73_saade__risti_nia_maagilised_vlusnumid_rasketeks_hetkedeks,0,F,2.8245,A,täitsa,vahva,"Pidi ka meie energiat , kõike seda , mis on olnud , aga teistpidi tuleb selline värskus , et ma vahepeal mõtlesin isegi päris päris nulli ajada ja alustada täiesti nulli , aga samas selline praegu poisi pean ka üle 30 aasta täitsa vahva jälle ."
20211221_podcast_noorteaken_14__killu_kolsar_kes_on_arengutreener,2,F,34.03616666666667,A,täitsa,lõpp,"Ja ütleme selliseid vabatahtlikke projekte nagu veel siin edasi-tagasi aeg-ajalt olnud , kui ma Viljandis veel õppisin , mingi tudengite teatripäevad , täitsa lõpp , ma isegi ei mäleta , aga ma räägin neid projekte on selles mõttes jooksvalt hästi palju olnud ."
20220306_podcast_noorteaken_16__eva_maria_hanson_eluks_valmis,2,F,27.668166666666668,V,täitsa,nõustuma,"Võib-olla ongi , et see plaan on nagu oluline , et sul oleks teekond , mida käia , aga et see on täiesti okei , kui sa tahad sealt kõrvale minna , on ju , et mingit teist pidi , et ja täitsa nõustun ."
20191223_arcopod_s1e1_leanika_2019,0,F,45.16716666666667,A,täitsa,võõras,"Et meie täna tegelikult väga palju koolitamegi just seda soovituspõhinevat äri , et , et et miks ma peaksin tegema tehingud noh , ühtepidi täitsa võõra inimesega , kellele mina võib-olla algul ei meeldi ja kes mulle ka ei meeldi , eks ju ja siis pean hakkama inimese veel kõige kallimat vara müüma ."
20200826_riina_solman_ja_liina_kersna_roosast_kleidist_ja_riigi_vrikusest,0,F,32.030833333333334,V,täitsa,veenduma,"Ja ma olen täitsa veendunud , et see oli teadlik provokatsioon , et ta kasutas sõna paari traditsiooniline perekond , see ta teadis , et see sõnapaar ärritab see ärritaski , sest ta sai tähelepanu ."
20210416_webinar_hetkeseis_kinnisvaraturul,4,F,17.264666666666667,A,täitsa,keskmine,Niisugune täitsa keskmine .
20200827_mailis_repsi_tabab_avameelsushoog,0,F,24.511333333333333,D,täitsa,selgesti,"Ma saan aru eriolukorra väljakuulutamist , teist korda tahaks valitsus vältida viimase võimalusena ja selle üks põhjus , olgem ausad , on täitsa selgesti ka see , et , et nii teie , Keskerakonna valijad kui ka teiste erakondade valijad enam ei taha seda , see oli hirmus , mis toimus , me tahaks seda kogemust teist korda majanduse ga läheks väga halvasti ."
20220217_jrvamaa_ja_viljandimaa_kinnisvaraturu_levaade_ja_prognoos,1,F,3.164166666666666,D,täitsa,niimoodi,"Aga tegelikult kui nüüd numbritele otsa vaadata täitsa niimoodi sügavalt , mis see statistikanumber näitab , siis tegelikult tehingute arv aasta lõikes eelmine aasta võrreldes siis üle-eelmise aastaga on ainult kaheksa protsenti , oli see vahe , mis oli tõusnud ja , ja kui vaadata , et millega siis kõige rohkem tehinguid tehtis , siis tegelikult oli see maatulundusmaa ja korterid ."
20220217_jrvamaa_ja_viljandimaa_kinnisvaraturu_levaade_ja_prognoos,3,F,21.296,D,täitsa,täitsa,"Ja päris uusi arendusi ei ole , aga on samamoodi , et paides on nüüd üks vana maja lõpusirgel renoveerimisel kus on siis kahe kolme toalised korterid , üks vist oli tal seal ka neljane , selline stuudiokorter ja Türil on ka ühest vanast majast arendatud , siis kaheksa korteriga korterelamu müüdud seal veel midagi ei ole , aga nad alles niimoodi vaikselt toimetavad , et eks ole näha paides on , tuleb seal ruudu hinnaks natuke üle 2000 , noh , eks vaatame , ma ütleks selle peale , et kas meie turg võtab vastu selle , et noh , see on nagu täitsa täitsa põnev vaadata , et kas meie turg võtab vastu 2000 ja pluss ruuduhinnaks korteril ."
20220217_jrvamaa_ja_viljandimaa_kinnisvaraturu_levaade_ja_prognoos,3,F,21.296,A,täitsa,põnev,"Ja päris uusi arendusi ei ole , aga on samamoodi , et paides on nüüd üks vana maja lõpusirgel renoveerimisel kus on siis kahe kolme toalised korterid , üks vist oli tal seal ka neljane , selline stuudiokorter ja Türil on ka ühest vanast majast arendatud , siis kaheksa korteriga korterelamu müüdud seal veel midagi ei ole , aga nad alles niimoodi vaikselt toimetavad , et eks ole näha paides on , tuleb seal ruudu hinnaks natuke üle 2000 , noh , eks vaatame , ma ütleks selle peale , et kas meie turg võtab vastu selle , et noh , see on nagu täitsa täitsa põnev vaadata , et kas meie turg võtab vastu 2000 ja pluss ruuduhinnaks korteril ."
